-- IS207 database backup
-- Database: railway
-- Generated: 2026-06-11 20:37:42
-- Charset: utf8mb4

SET NAMES utf8mb4;
SET FOREIGN_KEY_CHECKS = 0;

-- ----------------------------
-- Table structure for `order_items`
-- ----------------------------
DROP TABLE IF EXISTS `order_items`;
CREATE TABLE `order_items` (
  `id` bigint NOT NULL AUTO_INCREMENT,
  `color` varchar(255) DEFAULT NULL,
  `image` varchar(255) DEFAULT NULL,
  `line_total` bigint NOT NULL,
  `product_id` bigint NOT NULL,
  `product_name` varchar(255) NOT NULL,
  `qty` int NOT NULL,
  `size` varchar(255) DEFAULT NULL,
  `sku` varchar(255) DEFAULT NULL,
  `unit_price` bigint NOT NULL,
  `order_id` bigint NOT NULL,
  PRIMARY KEY (`id`),
  KEY `FKbioxgbv59vetrxe0ejfubep1w` (`order_id`),
  CONSTRAINT `FKbioxgbv59vetrxe0ejfubep1w` FOREIGN KEY (`order_id`) REFERENCES `orders` (`id`)
) ENGINE=InnoDB AUTO_INCREMENT=10 DEFAULT CHARSET=utf8mb4 COLLATE=utf8mb4_0900_ai_ci;

-- Data for `order_items` (9 dòng)
INSERT INTO `order_items` (`id`, `color`, `image`, `line_total`, `product_id`, `product_name`, `qty`, `size`, `sku`, `unit_price`, `order_id`) VALUES (1, 'Xám', 'https://res.cloudinary.com/dscuuf3lx/image/upload/v1779899405/is207/products/AHD003.png', 520000, 99, 'Áo hoodie unisex', 1, 'M', 'AHD003', 520000, 1);
INSERT INTO `order_items` (`id`, `color`, `image`, `line_total`, `product_id`, `product_name`, `qty`, `size`, `sku`, `unit_price`, `order_id`) VALUES (2, 'Đen', 'https://res.cloudinary.com/dscuuf3lx/image/upload/v1779899477/is207/products/DCS019.jpg', 620000, 115, 'Đầm công sở', 1, 'S', 'DCS019', 620000, 1);
INSERT INTO `order_items` (`id`, `color`, `image`, `line_total`, `product_id`, `product_name`, `qty`, `size`, `sku`, `unit_price`, `order_id`) VALUES (3, 'Xanh duong', 'https://res.cloudinary.com/dscuuf3lx/image/upload/v1779899512/is207/products/AKG035.jpg', 480000, 131, 'Áo khoác gió thể thao', 1, 'M', 'AKG035', 480000, 1);
INSERT INTO `order_items` (`id`, `color`, `image`, `line_total`, `product_id`, `product_name`, `qty`, `size`, `sku`, `unit_price`, `order_id`) VALUES (4, 'Đen', 'https://res.cloudinary.com/dscuuf3lx/image/upload/v1779899524/is207/products/AKP041.jpg', 850000, 137, 'Áo khoác phao béo', 1, 'M', 'AKP041', 850000, 2);
INSERT INTO `order_items` (`id`, `color`, `image`, `line_total`, `product_id`, `product_name`, `qty`, `size`, `sku`, `unit_price`, `order_id`) VALUES (5, 'Xám đậm', 'https://res.cloudinary.com/dscuuf3lx/image/upload/v1779899640/is207/products/BSC094.jpg', 1450000, 190, 'Bộ suit công sở nữ', 1, 'S', 'BSC094', 1450000, 3);
INSERT INTO `order_items` (`id`, `color`, `image`, `line_total`, `product_id`, `product_name`, `qty`, `size`, `sku`, `unit_price`, `order_id`) VALUES (6, 'Đen', 'https://res.cloudinary.com/dscuuf3lx/image/upload/v1779899615/is207/products/ATP083.jpg', 270000, 179, 'Áo thun unisex phản quang', 1, 'M', 'ATP083', 270000, 4);
INSERT INTO `order_items` (`id`, `color`, `image`, `line_total`, `product_id`, `product_name`, `qty`, `size`, `sku`, `unit_price`, `order_id`) VALUES (7, 'Kem', 'https://res.cloudinary.com/dscuuf3lx/image/upload/v1779899541/is207/products/ABN049.jpg', 690000, 145, 'Áo blazer dáng ngắn', 1, 'S', 'ABN049', 690000, 5);
INSERT INTO `order_items` (`id`, `color`, `image`, `line_total`, `product_id`, `product_name`, `qty`, `size`, `sku`, `unit_price`, `order_id`) VALUES (8, 'Xanh đậm', 'https://res.cloudinary.com/dscuuf3lx/image/upload/v1779899603/is207/products/YJD078.jpg', 560000, 174, 'Yếm jean dáng dài', 1, 'S', 'YJD078', 560000, 6);
INSERT INTO `order_items` (`id`, `color`, `image`, `line_total`, `product_id`, `product_name`, `qty`, `size`, `sku`, `unit_price`, `order_id`) VALUES (9, 'Xanh rêu', 'https://res.cloudinary.com/dscuuf3lx/image/upload/v1779899653/is207/products/QKH100.jpg', 460000, 196, 'Quần kaki túi hộp nam', 1, 'M', 'QKH100', 460000, 6);

-- ----------------------------
-- Table structure for `orders`
-- ----------------------------
DROP TABLE IF EXISTS `orders`;
CREATE TABLE `orders` (
  `id` bigint NOT NULL AUTO_INCREMENT,
  `created_at` datetime(6) NOT NULL,
  `created_by_role` varchar(255) DEFAULT NULL,
  `customer_id` bigint DEFAULT NULL,
  `customer_name` varchar(255) DEFAULT NULL,
  `customer_phone` varchar(255) DEFAULT NULL,
  `note` varchar(255) DEFAULT NULL,
  `order_code` varchar(255) NOT NULL,
  `shipping_address` varchar(255) DEFAULT NULL,
  `shipping_fee` bigint NOT NULL,
  `status` enum('CANCELLED','COMPLETED','PENDING','SHIPPING') NOT NULL,
  `subtotal` bigint NOT NULL,
  `total` bigint NOT NULL,
  PRIMARY KEY (`id`),
  UNIQUE KEY `UKdhk2umg8ijjkg4njg6891trit` (`order_code`)
) ENGINE=InnoDB AUTO_INCREMENT=7 DEFAULT CHARSET=utf8mb4 COLLATE=utf8mb4_0900_ai_ci;

-- Data for `orders` (6 dòng)
INSERT INTO `orders` (`id`, `created_at`, `created_by_role`, `customer_id`, `customer_name`, `customer_phone`, `note`, `order_code`, `shipping_address`, `shipping_fee`, `status`, `subtotal`, `total`) VALUES (1, '2026-05-28 03:26:42.407053', 'customer', 3, 'Lê A', '0822786883', NULL, 'DH000001', 'aaa — Người nhận: Lê A (0822786883) | Thanh toán: Thanh toán khi giao hàng | Mã ưu đãi: IS207', 30000, 'COMPLETED', 1620000, 1650000);
INSERT INTO `orders` (`id`, `created_at`, `created_by_role`, `customer_id`, `customer_name`, `customer_phone`, `note`, `order_code`, `shipping_address`, `shipping_fee`, `status`, `subtotal`, `total`) VALUES (2, '2026-05-28 10:40:50.060393', 'customer', 3, 'Lê A', '0822786883', NULL, 'DH000002', 'aaa — Người nhận: Lê A (0822786883) | Thanh toán: Thanh toán khi giao hàng', 30000, 'COMPLETED', 850000, 880000);
INSERT INTO `orders` (`id`, `created_at`, `created_by_role`, `customer_id`, `customer_name`, `customer_phone`, `note`, `order_code`, `shipping_address`, `shipping_fee`, `status`, `subtotal`, `total`) VALUES (3, '2026-06-02 00:54:56.821225', 'customer', 5, 'Lê B', '0999238929', NULL, 'DH000003', 'aaa — Người nhận: Lê B (0999238929) | Thanh toán: Thanh toán khi giao hàng', 30000, 'COMPLETED', 1450000, 1480000);
INSERT INTO `orders` (`id`, `created_at`, `created_by_role`, `customer_id`, `customer_name`, `customer_phone`, `note`, `order_code`, `shipping_address`, `shipping_fee`, `status`, `subtotal`, `total`) VALUES (4, '2026-06-02 01:02:46.049471', 'customer', 5, 'Lê B', '0999238929', NULL, 'DH000004', 'aaa — Người nhận: Lê B (0999238929) | Thanh toán: Chuyển khoản ngân hàng', 30000, 'CANCELLED', 270000, 300000);
INSERT INTO `orders` (`id`, `created_at`, `created_by_role`, `customer_id`, `customer_name`, `customer_phone`, `note`, `order_code`, `shipping_address`, `shipping_fee`, `status`, `subtotal`, `total`) VALUES (5, '2026-06-02 01:12:33.749068', 'customer', 5, 'Lê B', '0999238929', NULL, 'DH000005', 'aaa — Người nhận: Lê B (0999238929) | Thanh toán: Chuyển khoản ngân hàng | Mã ưu đãi: IS207', 30000, 'COMPLETED', 690000, 720000);
INSERT INTO `orders` (`id`, `created_at`, `created_by_role`, `customer_id`, `customer_name`, `customer_phone`, `note`, `order_code`, `shipping_address`, `shipping_fee`, `status`, `subtotal`, `total`) VALUES (6, '2026-06-02 02:03:52.084125', 'customer', 3, 'Lê A', '0822786883', NULL, 'DH000006', 'aaa — Người nhận: Lê B (0999238929) | Thanh toán: Thanh toán khi giao hàng | Mã ưu đãi: WELCOME50', 30000, 'COMPLETED', 1020000, 1050000);

-- ----------------------------
-- Table structure for `password_reset_tokens`
-- ----------------------------
DROP TABLE IF EXISTS `password_reset_tokens`;
CREATE TABLE `password_reset_tokens` (
  `id` bigint NOT NULL AUTO_INCREMENT,
  `created_at` datetime(6) NOT NULL,
  `expires_at` datetime(6) NOT NULL,
  `token` varchar(128) NOT NULL,
  `used` bit(1) NOT NULL,
  `user_id` bigint NOT NULL,
  PRIMARY KEY (`id`),
  UNIQUE KEY `idx_prt_token` (`token`),
  KEY `idx_prt_user_id` (`user_id`)
) ENGINE=InnoDB AUTO_INCREMENT=14 DEFAULT CHARSET=utf8mb4 COLLATE=utf8mb4_0900_ai_ci;

-- Data for `password_reset_tokens` (13 dòng)
INSERT INTO `password_reset_tokens` (`id`, `created_at`, `expires_at`, `token`, `used`, `user_id`) VALUES (1, '2026-05-27 18:08:09.358232', '2026-05-27 18:23:09.358234', '240527', 0x00, 3);
INSERT INTO `password_reset_tokens` (`id`, `created_at`, `expires_at`, `token`, `used`, `user_id`) VALUES (2, '2026-05-27 18:24:04.060022', '2026-05-27 18:39:04.060025', '618099', 0x00, 3);
INSERT INTO `password_reset_tokens` (`id`, `created_at`, `expires_at`, `token`, `used`, `user_id`) VALUES (3, '2026-05-27 18:25:17.516709', '2026-05-27 18:40:17.516710', '919825', 0x00, 3);
INSERT INTO `password_reset_tokens` (`id`, `created_at`, `expires_at`, `token`, `used`, `user_id`) VALUES (4, '2026-05-27 18:28:36.220990', '2026-05-27 18:43:36.220993', '845260', 0x00, 3);
INSERT INTO `password_reset_tokens` (`id`, `created_at`, `expires_at`, `token`, `used`, `user_id`) VALUES (5, '2026-05-27 18:30:53.352680', '2026-05-27 18:45:53.352682', '401859', 0x00, 3);
INSERT INTO `password_reset_tokens` (`id`, `created_at`, `expires_at`, `token`, `used`, `user_id`) VALUES (6, '2026-05-27 18:32:34.487235', '2026-05-27 18:47:34.487237', '489615', 0x00, 3);
INSERT INTO `password_reset_tokens` (`id`, `created_at`, `expires_at`, `token`, `used`, `user_id`) VALUES (7, '2026-05-27 18:38:50.545379', '2026-05-27 18:53:50.545381', '636208', 0x00, 3);
INSERT INTO `password_reset_tokens` (`id`, `created_at`, `expires_at`, `token`, `used`, `user_id`) VALUES (8, '2026-05-27 18:39:27.301910', '2026-05-27 18:54:27.301913', '903274', 0x00, 3);
INSERT INTO `password_reset_tokens` (`id`, `created_at`, `expires_at`, `token`, `used`, `user_id`) VALUES (9, '2026-05-27 18:39:33.278170', '2026-05-27 18:54:33.278172', '173546', 0x00, 3);
INSERT INTO `password_reset_tokens` (`id`, `created_at`, `expires_at`, `token`, `used`, `user_id`) VALUES (10, '2026-05-27 18:39:59.575953', '2026-05-27 18:54:59.575954', '737403', 0x00, 3);
INSERT INTO `password_reset_tokens` (`id`, `created_at`, `expires_at`, `token`, `used`, `user_id`) VALUES (11, '2026-05-27 18:44:07.218368', '2026-05-27 18:59:07.218372', '134406', 0x01, 3);
INSERT INTO `password_reset_tokens` (`id`, `created_at`, `expires_at`, `token`, `used`, `user_id`) VALUES (12, '2026-06-01 07:53:32.202112', '2026-06-01 08:08:32.202115', '593458', 0x01, 3);
INSERT INTO `password_reset_tokens` (`id`, `created_at`, `expires_at`, `token`, `used`, `user_id`) VALUES (13, '2026-06-02 01:15:56.724286', '2026-06-02 01:30:56.724287', '945241', 0x00, 4);

-- ----------------------------
-- Table structure for `products`
-- ----------------------------
DROP TABLE IF EXISTS `products`;
CREATE TABLE `products` (
  `id` bigint NOT NULL AUTO_INCREMENT,
  `brand` varchar(255) DEFAULT NULL,
  `category` varchar(255) NOT NULL,
  `colors_json` json DEFAULT NULL,
  `image` varchar(255) DEFAULT NULL,
  `material` varchar(255) DEFAULT NULL,
  `name` varchar(255) NOT NULL,
  `price` bigint NOT NULL,
  `sizes_json` json DEFAULT NULL,
  `sku` varchar(255) NOT NULL,
  `stock_by_size_json` json DEFAULT NULL,
  PRIMARY KEY (`id`),
  UNIQUE KEY `UKfhmd06dsmj6k0n90swsh8ie9g` (`sku`),
  CONSTRAINT `products_chk_1` CHECK ((`price` >= 0))
) ENGINE=InnoDB AUTO_INCREMENT=197 DEFAULT CHARSET=utf8mb4 COLLATE=utf8mb4_0900_ai_ci;

-- Data for `products` (98 dòng)
INSERT INTO `products` (`id`, `brand`, `category`, `colors_json`, `image`, `material`, `name`, `price`, `sizes_json`, `sku`, `stock_by_size_json`) VALUES (99, 'UrbanX', 'ao', '["Xám", "Đen"]', 'https://res.cloudinary.com/dscuuf3lx/image/upload/v1779899405/is207/products/AHD003.png', 'Nỉ', 'Áo hoodie unisex', 520000, '["M", "L", "XL"]', 'AHD003', '{"L": 9, "M": 6, "XL": 4}');
INSERT INTO `products` (`id`, `brand`, `category`, `colors_json`, `image`, `material`, `name`, `price`, `sizes_json`, `sku`, `stock_by_size_json`) VALUES (100, 'IS207', 'ao', '["Xanh", "Đỏ"]', 'https://res.cloudinary.com/dscuuf3lx/image/upload/v1779899435/is207/products/ASM004.png', 'Kaki', 'Áo so mi caro', 390000, '["M", "L"]', 'ASM004', '{"L": 8, "M": 6}');
INSERT INTO `products` (`id`, `brand`, `category`, `colors_json`, `image`, `material`, `name`, `price`, `sizes_json`, `sku`, `stock_by_size_json`) VALUES (101, 'SportZ', 'quan', '["Đen", "Xám"]', 'https://res.cloudinary.com/dscuuf3lx/image/upload/v1779899439/is207/products/QST005.png', 'Polyester', 'Quần short thể thao', 220000, '["S", "M", "L"]', 'QST005', '{"L": 6, "M": 10, "S": 8}');
INSERT INTO `products` (`id`, `brand`, `category`, `colors_json`, `image`, `material`, `name`, `price`, `sizes_json`, `sku`, `stock_by_size_json`) VALUES (102, 'UrbanX', 'ao', '["Đen", "Rêu"]', 'https://res.cloudinary.com/dscuuf3lx/image/upload/v1779899444/is207/products/AKB006.png', 'Dù', 'Áo khoác bomber', 680000, '["M", "L", "XL"]', 'AKB006', '{"L": 6, "M": 4, "XL": 3}');
INSERT INTO `products` (`id`, `brand`, `category`, `colors_json`, `image`, `material`, `name`, `price`, `sizes_json`, `sku`, `stock_by_size_json`) VALUES (103, 'IS207', 'quan', '["Xám", "Đen"]', 'https://res.cloudinary.com/dscuuf3lx/image/upload/v1779899447/is207/products/QJG007.jpg', 'Nỉ', 'Quần jogger nam', 340000, '["M", "L", "XL"]', 'QJG007', '{"L": 7, "M": 9, "XL": 5}');
INSERT INTO `products` (`id`, `brand`, `category`, `colors_json`, `image`, `material`, `name`, `price`, `sizes_json`, `sku`, `stock_by_size_json`) VALUES (104, 'Classic', 'ao', '["Trắng", "Xanh"]', 'https://res.cloudinary.com/dscuuf3lx/image/upload/v1779899449/is207/products/APL008.jpg', 'Cotton', 'Áo polo nam', 280000, '["S", "M", "L"]', 'APL008', '{"L": 7, "M": 10, "S": 5}');
INSERT INTO `products` (`id`, `brand`, `category`, `colors_json`, `image`, `material`, `name`, `price`, `sizes_json`, `sku`, `stock_by_size_json`) VALUES (105, 'Classic', 'quan', '["Kem", "Đen"]', 'https://res.cloudinary.com/dscuuf3lx/image/upload/v1779899452/is207/products/QKK009.jpg', 'Kaki', 'Quần kaki dài', 410000, '["M", "L", "XL"]', 'QKK009', '{"L": 9, "M": 6, "XL": 4}');
INSERT INTO `products` (`id`, `brand`, `category`, `colors_json`, `image`, `material`, `name`, `price`, `sizes_json`, `sku`, `stock_by_size_json`) VALUES (106, 'Winter', 'ao', '["Be", "Nâu"]', 'https://res.cloudinary.com/dscuuf3lx/image/upload/v1779899455/is207/products/ALC010.jpg', 'Wool', 'Áo len cổ lọ', 470000, '["M", "L"]', 'ALC010', '{"L": 5, "M": 5}');
INSERT INTO `products` (`id`, `brand`, `category`, `colors_json`, `image`, `material`, `name`, `price`, `sizes_json`, `sku`, `stock_by_size_json`) VALUES (107, 'Femi', 'vay', '["Hồng", "Trắng"]', 'https://res.cloudinary.com/dscuuf3lx/image/upload/v1779899458/is207/products/VHN011.jpg', 'Voan', 'Váy hoa nữ', 360000, '["S", "M"]', 'VHN011', '{"M": 6, "S": 7}');
INSERT INTO `products` (`id`, `brand`, `category`, `colors_json`, `image`, `material`, `name`, `price`, `sizes_json`, `sku`, `stock_by_size_json`) VALUES (108, 'Femi', 'ao', '["Trắng", "Hồng"]', 'https://res.cloudinary.com/dscuuf3lx/image/upload/v1779899460/is207/products/ACT012.jpg', 'Cotton', 'Áo croptop nữ', 190000, '["S", "M"]', 'ACT012', '{"M": 8, "S": 9}');
INSERT INTO `products` (`id`, `brand`, `category`, `colors_json`, `image`, `material`, `name`, `price`, `sizes_json`, `sku`, `stock_by_size_json`) VALUES (109, 'SportZ', 'quan', '["Đen"]', 'https://res.cloudinary.com/dscuuf3lx/image/upload/v1779899462/is207/products/QLG013.jpg', 'Thun lạnh', 'Quần legging nữ', 210000, '["S", "M", "L"]', 'QLG013', '{"L": 8, "M": 10, "S": 10}');
INSERT INTO `products` (`id`, `brand`, `category`, `colors_json`, `image`, `material`, `name`, `price`, `sizes_json`, `sku`, `stock_by_size_json`) VALUES (110, 'OfficeX', 'ao', '["Đen", "Kem"]', 'https://res.cloudinary.com/dscuuf3lx/image/upload/v1779899464/is207/products/ABZ014.jpg', 'Tuyết mua', 'Áo blazer nữ', 750000, '["M", "L"]', 'ABZ014', '{"L": 3, "M": 4}');
INSERT INTO `products` (`id`, `brand`, `category`, `colors_json`, `image`, `material`, `name`, `price`, `sizes_json`, `sku`, `stock_by_size_json`) VALUES (111, 'Femi', 'vay', '["Trắng", "Đen"]', 'https://res.cloudinary.com/dscuuf3lx/image/upload/v1779899467/is207/products/CVT015.jpg', 'Kaki', 'Chân váy tennis', 270000, '["S", "M"]', 'CVT015', '{"M": 7, "S": 6}');
INSERT INTO `products` (`id`, `brand`, `category`, `colors_json`, `image`, `material`, `name`, `price`, `sizes_json`, `sku`, `stock_by_size_json`) VALUES (112, 'UrbanX', 'ao', '["Xám", "Trắng"]', 'https://res.cloudinary.com/dscuuf3lx/image/upload/v1779899469/is207/products/ASO016.jpg', 'Nỉ', 'Áo sweater oversize', 430000, '["M", "L", "XL"]', 'ASO016', '{"L": 8, "M": 8, "XL": 4}');
INSERT INTO `products` (`id`, `brand`, `category`, `colors_json`, `image`, `material`, `name`, `price`, `sizes_json`, `sku`, `stock_by_size_json`) VALUES (113, 'DenimCo', 'quan', '["Xanh nhạt"]', 'https://res.cloudinary.com/dscuuf3lx/image/upload/v1779899472/is207/products/QBJ017.jpg', 'Jean', 'Quần baggy jean', 490000, '["S", "M", "L"]', 'QBJ017', '{"L": 6, "M": 7, "S": 5}');
INSERT INTO `products` (`id`, `brand`, `category`, `colors_json`, `image`, `material`, `name`, `price`, `sizes_json`, `sku`, `stock_by_size_json`) VALUES (114, 'SportZ', 'ao', '["Đen", "Trắng"]', 'https://res.cloudinary.com/dscuuf3lx/image/upload/v1779899474/is207/products/ATG018.jpg', 'Polyester', 'Áo tanktop gym', 180000, '["M", "L"]', 'ATG018', '{"L": 9, "M": 10}');
INSERT INTO `products` (`id`, `brand`, `category`, `colors_json`, `image`, `material`, `name`, `price`, `sizes_json`, `sku`, `stock_by_size_json`) VALUES (115, 'OfficeX', 'vay', '["Đen", "Xanh navy"]', 'https://res.cloudinary.com/dscuuf3lx/image/upload/v1779899477/is207/products/DCS019.jpg', 'Lụa', 'Đầm công sở', 620000, '["S", "M", "L"]', 'DCS019', '{"L": 4, "M": 5, "S": 2}');
INSERT INTO `products` (`id`, `brand`, `category`, `colors_json`, `image`, `material`, `name`, `price`, `sizes_json`, `sku`, `stock_by_size_json`) VALUES (116, 'Winter', 'ao', '["Be", "Nâu"]', 'https://res.cloudinary.com/dscuuf3lx/image/upload/v1779899480/is207/products/ACD020.jpg', 'Len', 'Áo cardigan nữ', 390000, '["M", "L"]', 'ACD020', '{"L": 5, "M": 6}');
INSERT INTO `products` (`id`, `brand`, `category`, `colors_json`, `image`, `material`, `name`, `price`, `sizes_json`, `sku`, `stock_by_size_json`) VALUES (117, 'Classic', 'quan', '["Đen", "Xám"]', 'https://res.cloudinary.com/dscuuf3lx/image/upload/v1779899482/is207/products/QTN021.jpg', 'Tuyết mua', 'Quần tây nam', 530000, '["M", "L", "XL"]', 'QTN021', '{"L": 7, "M": 5, "XL": 4}');
INSERT INTO `products` (`id`, `brand`, `category`, `colors_json`, `image`, `material`, `name`, `price`, `sizes_json`, `sku`, `stock_by_size_json`) VALUES (118, 'OfficeX', 'ao', '["Trắng"]', 'https://res.cloudinary.com/dscuuf3lx/image/upload/v1779899484/is207/products/ASM022.jpg', 'Cotton', 'Áo so mi trắng', 320000, '["S", "M", "L"]', 'ASM022', '{"L": 7, "M": 10, "S": 8}');
INSERT INTO `products` (`id`, `brand`, `category`, `colors_json`, `image`, `material`, `name`, `price`, `sizes_json`, `sku`, `stock_by_size_json`) VALUES (119, 'DenimCo', 'quan', '["Xanh"]', 'https://res.cloudinary.com/dscuuf3lx/image/upload/v1779899486/is207/products/QSJ023.jpg', 'Jean', 'Quần short jean nữ', 260000, '["S", "M"]', 'QSJ023', '{"M": 5, "S": 6}');
INSERT INTO `products` (`id`, `brand`, `category`, `colors_json`, `image`, `material`, `name`, `price`, `sizes_json`, `sku`, `stock_by_size_json`) VALUES (120, 'DenimCo', 'ao', '["Xanh đậm"]', 'https://res.cloudinary.com/dscuuf3lx/image/upload/v1779899488/is207/products/AKJ024.jpg', 'Jean', 'Áo khoác jean', 710000, '["M", "L", "XL"]', 'AKJ024', '{"L": 6, "M": 4, "XL": 2}');
INSERT INTO `products` (`id`, `brand`, `category`, `colors_json`, `image`, `material`, `name`, `price`, `sizes_json`, `sku`, `stock_by_size_json`) VALUES (121, 'UrbanX', 'ao', '["Trắng", "Đen"]', 'https://res.cloudinary.com/dscuuf3lx/image/upload/v1779899490/is207/products/ATH025.jpg', 'Cotton', 'Áo thun in hình', 230000, '["S", "M", "L"]', 'ATH025', '{"L": 8, "M": 9, "S": 10}');
INSERT INTO `products` (`id`, `brand`, `category`, `colors_json`, `image`, `material`, `name`, `price`, `sizes_json`, `sku`, `stock_by_size_json`) VALUES (122, 'Femi', 'quan', '["Kem", "Đen"]', 'https://res.cloudinary.com/dscuuf3lx/image/upload/v1779899493/is207/products/QCL026.jpg', 'Kaki', 'Quần culottes nữ', 350000, '["M", "L"]', 'QCL026', '{"L": 6, "M": 7}');
INSERT INTO `products` (`id`, `brand`, `category`, `colors_json`, `image`, `material`, `name`, `price`, `sizes_json`, `sku`, `stock_by_size_json`) VALUES (123, 'Classic', 'ao', '["Đen"]', 'https://res.cloudinary.com/dscuuf3lx/image/upload/v1779899495/is207/products/AVN027.jpg', 'Tuyết mua', 'Áo vest nam', 980000, '["M", "L", "XL"]', 'AVN027', '{"L": 4, "M": 3, "XL": 2}');
INSERT INTO `products` (`id`, `brand`, `category`, `colors_json`, `image`, `material`, `name`, `price`, `sizes_json`, `sku`, `stock_by_size_json`) VALUES (124, 'Femi', 'vay', '["Vàng", "Trắng"]', 'https://res.cloudinary.com/dscuuf3lx/image/upload/v1779899497/is207/products/DMB028.jpg', 'Voan', 'Đầm maxi đi biển', 540000, '["S", "M", "L"]', 'DMB028', '{"L": 5, "M": 6, "S": 4}');
INSERT INTO `products` (`id`, `brand`, `category`, `colors_json`, `image`, `material`, `name`, `price`, `sizes_json`, `sku`, `stock_by_size_json`) VALUES (125, 'Winter', 'ao', '["Nâu", "Kem"]', 'https://res.cloudinary.com/dscuuf3lx/image/upload/v1779899499/is207/products/AGL029.jpg', 'Len', 'Áo gile len', 310000, '["M", "L"]', 'AGL029', '{"L": 6, "M": 7}');
INSERT INTO `products` (`id`, `brand`, `category`, `colors_json`, `image`, `material`, `name`, `price`, `sizes_json`, `sku`, `stock_by_size_json`) VALUES (126, 'SportZ', 'quan', '["Đen", "Hồng"]', 'https://res.cloudinary.com/dscuuf3lx/image/upload/v1779899501/is207/products/QTT030.jpg', 'Polyester', 'Quần thể thao nữ', 290000, '["S", "M", "L"]', 'QTT030', '{"L": 7, "M": 8, "S": 9}');
INSERT INTO `products` (`id`, `brand`, `category`, `colors_json`, `image`, `material`, `name`, `price`, `sizes_json`, `sku`, `stock_by_size_json`) VALUES (127, 'UrbanX', 'ao', '["Đen", "Xám"]', 'https://res.cloudinary.com/dscuuf3lx/image/upload/v1779899503/is207/products/AHZ031.jpg', 'Nỉ', 'Áo hoodie zip', 550000, '["M", "L", "XL"]', 'AHZ031', '{"L": 8, "M": 6, "XL": 4}');
INSERT INTO `products` (`id`, `brand`, `category`, `colors_json`, `image`, `material`, `name`, `price`, `sizes_json`, `sku`, `stock_by_size_json`) VALUES (128, 'SportZ', 'quan', '["Đen", "Xám"]', 'https://res.cloudinary.com/dscuuf3lx/image/upload/v1779899506/is207/products/QDT032.jpg', 'Cotton', 'Quần dùi thun nam', 150000, '["S", "M", "L"]', 'QDT032', '{"L": 10, "M": 15, "S": 12}');
INSERT INTO `products` (`id`, `brand`, `category`, `colors_json`, `image`, `material`, `name`, `price`, `sizes_json`, `sku`, `stock_by_size_json`) VALUES (129, 'Classic', 'ao', '["Trắng", "Xanh nhạt"]', 'https://res.cloudinary.com/dscuuf3lx/image/upload/v1779899507/is207/products/ASM033.jpg', 'Linen', 'Áo so mi cổ trụ', 360000, '["M", "L", "XL"]', 'ASM033', '{"L": 7, "M": 8, "XL": 5}');
INSERT INTO `products` (`id`, `brand`, `category`, `colors_json`, `image`, `material`, `name`, `price`, `sizes_json`, `sku`, `stock_by_size_json`) VALUES (130, 'Femi', 'vay', '["Nâu", "Đen"]', 'https://res.cloudinary.com/dscuuf3lx/image/upload/v1779899510/is207/products/VMX034.jpg', 'Lụa', 'Váy midi xếp ly', 420000, '["S", "M", "L"]', 'VMX034', '{"L": 4, "M": 8, "S": 5}');
INSERT INTO `products` (`id`, `brand`, `category`, `colors_json`, `image`, `material`, `name`, `price`, `sizes_json`, `sku`, `stock_by_size_json`) VALUES (131, 'SportZ', 'ao', '["Xanh duong", "Đen"]', 'https://res.cloudinary.com/dscuuf3lx/image/upload/v1779899512/is207/products/AKG035.jpg', 'Dù', 'Áo khoác gió thể thao', 480000, '["M", "L", "XL"]', 'AKG035', '{"L": 8, "M": 9, "XL": 5}');
INSERT INTO `products` (`id`, `brand`, `category`, `colors_json`, `image`, `material`, `name`, `price`, `sizes_json`, `sku`, `stock_by_size_json`) VALUES (132, 'DenimCo', 'quan', '["Xanh bạc"]', 'https://res.cloudinary.com/dscuuf3lx/image/upload/v1779899514/is207/products/QJR036.jpg', 'Jean', 'Quần jean rách nam', 490000, '["S", "M", "L", "XL"]', 'QJR036', '{"L": 8, "M": 9, "S": 4, "XL": 3}');
INSERT INTO `products` (`id`, `brand`, `category`, `colors_json`, `image`, `material`, `name`, `price`, `sizes_json`, `sku`, `stock_by_size_json`) VALUES (133, 'Classic', 'ao', '["Hồng", "Trắng"]', 'https://res.cloudinary.com/dscuuf3lx/image/upload/v1779899516/is207/products/APN037.jpg', 'Cotton', 'Áo thun polo nữ', 260000, '["S", "M", "L"]', 'APN037', '{"L": 6, "M": 10, "S": 8}');
INSERT INTO `products` (`id`, `brand`, `category`, `colors_json`, `image`, `material`, `name`, `price`, `sizes_json`, `sku`, `stock_by_size_json`) VALUES (134, 'Femi', 'vay', '["Đen", "Be"]', 'https://res.cloudinary.com/dscuuf3lx/image/upload/v1779899517/is207/products/CVA038.jpg', 'Kaki', 'Chân váy chữ A', 290000, '["S", "M"]', 'CVA038', '{"M": 9, "S": 11}');
INSERT INTO `products` (`id`, `brand`, `category`, `colors_json`, `image`, `material`, `name`, `price`, `sizes_json`, `sku`, `stock_by_size_json`) VALUES (135, 'Winter', 'ao', '["Đỏ dô", "Kem"]', 'https://res.cloudinary.com/dscuuf3lx/image/upload/v1779899519/is207/products/ALG039.jpg', 'Wool', 'Áo len gân nữ', 380000, '["M", "L"]', 'ALG039', '{"L": 6, "M": 7}');
INSERT INTO `products` (`id`, `brand`, `category`, `colors_json`, `image`, `material`, `name`, `price`, `sizes_json`, `sku`, `stock_by_size_json`) VALUES (136, 'Femi', 'quan', '["Đen", "Trắng"]', 'https://res.cloudinary.com/dscuuf3lx/image/upload/v1779899522/is207/products/QOR040.jpg', 'Tuyết mua', 'Quần ống rộng nữ', 370000, '["M", "L", "XL"]', 'QOR040', '{"L": 8, "M": 9, "XL": 4}');
INSERT INTO `products` (`id`, `brand`, `category`, `colors_json`, `image`, `material`, `name`, `price`, `sizes_json`, `sku`, `stock_by_size_json`) VALUES (137, 'Winter', 'ao', '["Đen", "Rêu"]', 'https://res.cloudinary.com/dscuuf3lx/image/upload/v1779899524/is207/products/AKP041.jpg', 'Phao', 'Áo khoác phao béo', 850000, '["M", "L", "XL"]', 'AKP041', '{"L": 5, "M": 2, "XL": 2}');
INSERT INTO `products` (`id`, `brand`, `category`, `colors_json`, `image`, `material`, `name`, `price`, `sizes_json`, `sku`, `stock_by_size_json`) VALUES (138, 'UrbanX', 'quan', '["Đen", "Rêu"]', 'https://res.cloudinary.com/dscuuf3lx/image/upload/v1779899526/is207/products/QTH042.jpg', 'Kaki', 'Quần jogger túi hộp', 380000, '["M", "L", "XL"]', 'QTH042', '{"L": 7, "M": 8, "XL": 5}');
INSERT INTO `products` (`id`, `brand`, `category`, `colors_json`, `image`, `material`, `name`, `price`, `sizes_json`, `sku`, `stock_by_size_json`) VALUES (139, 'Femi', 'ao', '["Trắng", "Đen"]', 'https://res.cloudinary.com/dscuuf3lx/image/upload/v1779899528/is207/products/ADL043.jpg', 'Lụa', 'Áo dây lụa nữ', 170000, '["S", "M"]', 'ADL043', '{"M": 12, "S": 10}');
INSERT INTO `products` (`id`, `brand`, `category`, `colors_json`, `image`, `material`, `name`, `price`, `sizes_json`, `sku`, `stock_by_size_json`) VALUES (140, 'Winter', 'vay', '["Đen", "Nâu"]', 'https://res.cloudinary.com/dscuuf3lx/image/upload/v1779899530/is207/products/DLB044.jpg', 'Len', 'Đầm len body', 510000, '["S", "M", "L"]', 'DLB044', '{"L": 4, "M": 6, "S": 4}');
INSERT INTO `products` (`id`, `brand`, `category`, `colors_json`, `image`, `material`, `name`, `price`, `sizes_json`, `sku`, `stock_by_size_json`) VALUES (141, 'DenimCo', 'ao', '["Xanh nhạt"]', 'https://res.cloudinary.com/dscuuf3lx/image/upload/v1779899533/is207/products/ASD045.jpg', 'Jean', 'Áo so mi denim', 450000, '["M", "L", "XL"]', 'ASD045', '{"L": 8, "M": 6, "XL": 3}');
INSERT INTO `products` (`id`, `brand`, `category`, `colors_json`, `image`, `material`, `name`, `price`, `sizes_json`, `sku`, `stock_by_size_json`) VALUES (142, 'IS207', 'quan', '["Kem", "Than"]', 'https://res.cloudinary.com/dscuuf3lx/image/upload/v1779899535/is207/products/QSK046.jpg', 'Kaki', 'Quần short kaki nam', 280000, '["S", "M", "L", "XL"]', 'QSK046', '{"L": 9, "M": 11, "S": 7, "XL": 4}');
INSERT INTO `products` (`id`, `brand`, `category`, `colors_json`, `image`, `material`, `name`, `price`, `sizes_json`, `sku`, `stock_by_size_json`) VALUES (143, 'IS207', 'ao', '["Đen", "Trắng"]', 'https://res.cloudinary.com/dscuuf3lx/image/upload/v1779899537/is207/products/ATD047.jpg', 'Cotton', 'Áo thun tay dài', 220000, '["S", "M", "L"]', 'ATD047', '{"L": 8, "M": 12, "S": 9}');
INSERT INTO `products` (`id`, `brand`, `category`, `colors_json`, `image`, `material`, `name`, `price`, `sizes_json`, `sku`, `stock_by_size_json`) VALUES (144, 'Femi', 'vay', '["Vàng", "Xanh"]', 'https://res.cloudinary.com/dscuuf3lx/image/upload/v1779899539/is207/products/VHD048.jpg', 'Voan', 'Váy hai dây hoa nhí', 390000, '["S", "M", "L"]', 'VHD048', '{"L": 5, "M": 7, "S": 6}');
INSERT INTO `products` (`id`, `brand`, `category`, `colors_json`, `image`, `material`, `name`, `price`, `sizes_json`, `sku`, `stock_by_size_json`) VALUES (145, 'OfficeX', 'ao', '["Kem"]', 'https://res.cloudinary.com/dscuuf3lx/image/upload/v1779899541/is207/products/ABN049.jpg', 'Tuyết mua', 'Áo blazer dáng ngắn', 690000, '["S", "M"]', 'ABN049', '{"M": 7, "S": 4}');
INSERT INTO `products` (`id`, `brand`, `category`, `colors_json`, `image`, `material`, `name`, `price`, `sizes_json`, `sku`, `stock_by_size_json`) VALUES (146, 'OfficeX', 'quan', '["Đen", "Xám"]', 'https://res.cloudinary.com/dscuuf3lx/image/upload/v1779899543/is207/products/QTB050.jpg', 'Tuyết mua', 'Quần tây baggy nữ', 410000, '["S", "M", "L"]', 'QTB050', '{"L": 6, "M": 10, "S": 8}');
INSERT INTO `products` (`id`, `brand`, `category`, `colors_json`, `image`, `material`, `name`, `price`, `sizes_json`, `sku`, `stock_by_size_json`) VALUES (147, 'UrbanX', 'ao', '["Xanh rêu"]', 'https://res.cloudinary.com/dscuuf3lx/image/upload/v1779899545/is207/products/ASC051.jpg', 'Nỉ', 'Áo sweater nữ chân cua', 420000, '["M", "L", "XL"]', 'ASC051', '{"L": 9, "M": 7, "XL": 4}');
INSERT INTO `products` (`id`, `brand`, `category`, `colors_json`, `image`, `material`, `name`, `price`, `sizes_json`, `sku`, `stock_by_size_json`) VALUES (148, 'Classic', 'quan', '["Đen", "Be"]', 'https://res.cloudinary.com/dscuuf3lx/image/upload/v1779899548/is207/products/QKS052.jpg', 'Kaki', 'Quần kaki ống suông', 430000, '["M", "L", "XL"]', 'QKS052', '{"L": 8, "M": 8, "XL": 5}');
INSERT INTO `products` (`id`, `brand`, `category`, `colors_json`, `image`, `material`, `name`, `price`, `sizes_json`, `sku`, `stock_by_size_json`) VALUES (149, 'Femi', 'ao', '["Đen", "Trắng"]', 'https://res.cloudinary.com/dscuuf3lx/image/upload/v1779899551/is207/products/ACD053.jpg', 'Thun gân', 'Áo croptop tay dài', 210000, '["S", "M"]', 'ACD053', '{"M": 8, "S": 10}');
INSERT INTO `products` (`id`, `brand`, `category`, `colors_json`, `image`, `material`, `name`, `price`, `sizes_json`, `sku`, `stock_by_size_json`) VALUES (150, 'Femi', 'vay', '["Hồng pastel"]', 'https://res.cloudinary.com/dscuuf3lx/image/upload/v1779899553/is207/products/DVD054.jpg', 'Voan', 'Đầm voan to dáng dài', 650000, '["S", "M", "L"]', 'DVD054', '{"L": 3, "M": 5, "S": 4}');
INSERT INTO `products` (`id`, `brand`, `category`, `colors_json`, `image`, `material`, `name`, `price`, `sizes_json`, `sku`, `stock_by_size_json`) VALUES (151, 'Winter', 'ao', '["Nâu", "Đen"]', 'https://res.cloudinary.com/dscuuf3lx/image/upload/v1779899555/is207/products/AKD055.jpg', 'Dạ', 'Áo khoác dạ dáng dài', 1200000, '["M", "L"]', 'AKD055', '{"L": 4, "M": 3}');
INSERT INTO `products` (`id`, `brand`, `category`, `colors_json`, `image`, `material`, `name`, `price`, `sizes_json`, `sku`, `stock_by_size_json`) VALUES (152, 'SportZ', 'quan', '["Đen"]', 'https://res.cloudinary.com/dscuuf3lx/image/upload/v1779899557/is207/products/QBN056.jpg', 'Polyester', 'Quần boi nam co giăn', 190000, '["M", "L", "XL"]', 'QBN056', '{"L": 12, "M": 15, "XL": 8}');
INSERT INTO `products` (`id`, `brand`, `category`, `colors_json`, `image`, `material`, `name`, `price`, `sizes_json`, `sku`, `stock_by_size_json`) VALUES (153, 'UrbanX', 'ao', '["Trắng", "Tím"]', 'https://res.cloudinary.com/dscuuf3lx/image/upload/v1779899559/is207/products/ATO057.jpg', 'Cotton', 'Áo thun oversize unisex', 260000, '["M", "L", "XL"]', 'ATO057', '{"L": 12, "M": 14, "XL": 6}');
INSERT INTO `products` (`id`, `brand`, `category`, `colors_json`, `image`, `material`, `name`, `price`, `sizes_json`, `sku`, `stock_by_size_json`) VALUES (154, 'DenimCo', 'vay', '["Xanh basic"]', 'https://res.cloudinary.com/dscuuf3lx/image/upload/v1779899562/is207/products/CVJ058.jpg', 'Jean', 'Chân váy jean ngắn', 320000, '["S", "M", "L"]', 'CVJ058', '{"L": 5, "M": 9, "S": 8}');
INSERT INTO `products` (`id`, `brand`, `category`, `colors_json`, `image`, `material`, `name`, `price`, `sizes_json`, `sku`, `stock_by_size_json`) VALUES (155, 'UrbanX', 'ao', '["Đỏ đen", "Xanh den"]', 'https://res.cloudinary.com/dscuuf3lx/image/upload/v1779899564/is207/products/ASF059.jpg', 'Kaki', 'Áo so mi flannel', 410000, '["M", "L", "XL"]', 'ASF059', '{"L": 8, "M": 7, "XL": 4}');
INSERT INTO `products` (`id`, `brand`, `category`, `colors_json`, `image`, `material`, `name`, `price`, `sizes_json`, `sku`, `stock_by_size_json`) VALUES (156, 'OfficeX', 'quan', '["Kem", "Đen"]', 'https://res.cloudinary.com/dscuuf3lx/image/upload/v1779899566/is207/products/QBV060.jpg', 'Tuyết mua', 'Quần baggy vải nữ', 360000, '["S", "M", "L"]', 'QBV060', '{"L": 6, "M": 11, "S": 9}');
INSERT INTO `products` (`id`, `brand`, `category`, `colors_json`, `image`, `material`, `name`, `price`, `sizes_json`, `sku`, `stock_by_size_json`) VALUES (157, 'Winter', 'ao', '["Đen", "Trắng"]', 'https://res.cloudinary.com/dscuuf3lx/image/upload/v1779899568/is207/products/AGP061.jpg', 'Phao', 'Áo gile phao unisex', 590000, '["M", "L", "XL"]', 'AGP061', '{"L": 6, "M": 6, "XL": 3}');
INSERT INTO `products` (`id`, `brand`, `category`, `colors_json`, `image`, `material`, `name`, `price`, `sizes_json`, `sku`, `stock_by_size_json`) VALUES (158, 'DenimCo', 'quan', '["Xanh den"]', 'https://res.cloudinary.com/dscuuf3lx/image/upload/v1779899570/is207/products/QJR062.jpg', 'Jean', 'Quần jean ống rộng nam', 520000, '["S", "M", "L", "XL"]', 'QJR062', '{"L": 8, "M": 10, "S": 5, "XL": 4}');
INSERT INTO `products` (`id`, `brand`, `category`, `colors_json`, `image`, `material`, `name`, `price`, `sizes_json`, `sku`, `stock_by_size_json`) VALUES (159, 'Femi', 'ao', '["Trắng", "Đen"]', 'https://res.cloudinary.com/dscuuf3lx/image/upload/v1779899572/is207/products/ATV063.jpg', 'Thun co giăn', 'Áo trễ vai nữ', 280000, '["S", "M"]', 'ATV063', '{"M": 9, "S": 8}');
INSERT INTO `products` (`id`, `brand`, `category`, `colors_json`, `image`, `material`, `name`, `price`, `sizes_json`, `sku`, `stock_by_size_json`) VALUES (160, 'OfficeX', 'vay', '["Xanh ngọc"]', 'https://res.cloudinary.com/dscuuf3lx/image/upload/v1779899574/is207/products/DSA064.jpg', 'Lụa', 'Đầm suông chữ A', 480000, '["S", "M", "L"]', 'DSA064', '{"L": 5, "M": 7, "S": 4}');
INSERT INTO `products` (`id`, `brand`, `category`, `colors_json`, `image`, `material`, `name`, `price`, `sizes_json`, `sku`, `stock_by_size_json`) VALUES (161, 'Winter', 'ao', '["Đen", "Xám"]', 'https://res.cloudinary.com/dscuuf3lx/image/upload/v1779899576/is207/products/AGN065.jpg', 'Thun lạnh', 'Áo giữ nhiệt nam', 180000, '["M", "L", "XL"]', 'AGN065', '{"L": 12, "M": 15, "XL": 10}');
INSERT INTO `products` (`id`, `brand`, `category`, `colors_json`, `image`, `material`, `name`, `price`, `sizes_json`, `sku`, `stock_by_size_json`) VALUES (162, 'SportZ', 'quan', '["Xám"]', 'https://res.cloudinary.com/dscuuf3lx/image/upload/v1779899578/is207/products/QSN066.jpg', 'Nỉ', 'Quần short nữ thể thao', 230000, '["S", "M", "L"]', 'QSN066', '{"L": 8, "M": 12, "S": 10}');
INSERT INTO `products` (`id`, `brand`, `category`, `colors_json`, `image`, `material`, `name`, `price`, `sizes_json`, `sku`, `stock_by_size_json`) VALUES (163, 'Classic', 'ao', '["Vàng ḅ", "Đen"]', 'https://res.cloudinary.com/dscuuf3lx/image/upload/v1779899580/is207/products/AKK067.jpg', 'Kaki', 'Áo khoác kaki', 590000, '["M", "L", "XL"]', 'AKK067', '{"L": 7, "M": 5, "XL": 4}');
INSERT INTO `products` (`id`, `brand`, `category`, `colors_json`, `image`, `material`, `name`, `price`, `sizes_json`, `sku`, `stock_by_size_json`) VALUES (164, 'Femi', 'vay', '["Đen", "Kem"]', 'https://res.cloudinary.com/dscuuf3lx/image/upload/v1779899582/is207/products/CVD068.jpg', 'Voan', 'Chân váy dài xếp ly', 350000, '["S", "M", "L"]', 'CVD068', '{"L": 5, "M": 8, "S": 6}');
INSERT INTO `products` (`id`, `brand`, `category`, `colors_json`, `image`, `material`, `name`, `price`, `sizes_json`, `sku`, `stock_by_size_json`) VALUES (165, 'IS207', 'ao', '["Trắng", "Xám"]', 'https://res.cloudinary.com/dscuuf3lx/image/upload/v1779899584/is207/products/ACT069.jpg', 'Cotton', 'Áo thun cổ tim nam', 220000, '["S", "M", "L"]', 'ACT069', '{"L": 7, "M": 10, "S": 11}');
INSERT INTO `products` (`id`, `brand`, `category`, `colors_json`, `image`, `material`, `name`, `price`, `sizes_json`, `sku`, `stock_by_size_json`) VALUES (166, 'DenimCo', 'quan', '["Xanh nhạt"]', 'https://res.cloudinary.com/dscuuf3lx/image/upload/v1779899586/is207/products/QJL070.jpg', 'Jean', 'Quần jean nữ lót', 380000, '["S", "M", "L"]', 'QJL070', '{"L": 6, "M": 9, "S": 7}');
INSERT INTO `products` (`id`, `brand`, `category`, `colors_json`, `image`, `material`, `name`, `price`, `sizes_json`, `sku`, `stock_by_size_json`) VALUES (167, 'OfficeX', 'ao', '["Trắng", "Hồng"]', 'https://res.cloudinary.com/dscuuf3lx/image/upload/v1779899588/is207/products/ASL071.jpg', 'Lụa', 'Áo so mi lụa công sở', 450000, '["S", "M", "L"]', 'ASL071', '{"L": 6, "M": 10, "S": 8}');
INSERT INTO `products` (`id`, `brand`, `category`, `colors_json`, `image`, `material`, `name`, `price`, `sizes_json`, `sku`, `stock_by_size_json`) VALUES (168, 'IS207', 'quan', '["Đen"]', 'https://res.cloudinary.com/dscuuf3lx/image/upload/v1779899590/is207/products/QNB072.jpg', 'Nỉ', 'Quần nỉ bo gấu nam', 330000, '["M", "L", "XL"]', 'QNB072', '{"L": 8, "M": 9, "XL": 5}');
INSERT INTO `products` (`id`, `brand`, `category`, `colors_json`, `image`, `material`, `name`, `price`, `sizes_json`, `sku`, `stock_by_size_json`) VALUES (169, 'UrbanX', 'ao', '["Đen"]', 'https://res.cloudinary.com/dscuuf3lx/image/upload/v1779899592/is207/products/AKD073.jpg', 'Da PU', 'Áo khoác da biker', 950000, '["M", "L", "XL"]', 'AKD073', '{"L": 5, "M": 4, "XL": 2}');
INSERT INTO `products` (`id`, `brand`, `category`, `colors_json`, `image`, `material`, `name`, `price`, `sizes_json`, `sku`, `stock_by_size_json`) VALUES (170, 'Femi', 'vay', '["Trắng"]', 'https://res.cloudinary.com/dscuuf3lx/image/upload/v1779899595/is207/products/VDC074.jpg', 'Tuyết mua', 'Váy duôi cá tiểu thu', 580000, '["S", "M"]', 'VDC074', '{"M": 6, "S": 5}');
INSERT INTO `products` (`id`, `brand`, `category`, `colors_json`, `image`, `material`, `name`, `price`, `sizes_json`, `sku`, `stock_by_size_json`) VALUES (171, 'SportZ', 'ao', '["Xám", "Xanh"]', 'https://res.cloudinary.com/dscuuf3lx/image/upload/v1779899597/is207/products/ATR075.jpg', 'Polyester', 'Áo tanktop dáng rộng', 190000, '["M", "L", "XL"]', 'ATR075', '{"L": 10, "M": 12, "XL": 7}');
INSERT INTO `products` (`id`, `brand`, `category`, `colors_json`, `image`, `material`, `name`, `price`, `sizes_json`, `sku`, `stock_by_size_json`) VALUES (172, 'Classic', 'quan', '["Kem"]', 'https://res.cloudinary.com/dscuuf3lx/image/upload/v1779899599/is207/products/QLK076.jpg', 'Kaki', 'Quần lót kaki nữ', 270000, '["S", "M", "L"]', 'QLK076', '{"L": 4, "M": 8, "S": 7}');
INSERT INTO `products` (`id`, `brand`, `category`, `colors_json`, `image`, `material`, `name`, `price`, `sizes_json`, `sku`, `stock_by_size_json`) VALUES (173, 'Winter', 'ao', '["Xám chuột"]', 'https://res.cloudinary.com/dscuuf3lx/image/upload/v1779899601/is207/products/ACD077.jpg', 'Len', 'Áo cardigan len dày', 490000, '["M", "L", "XL"]', 'ACD077', '{"L": 6, "M": 5, "XL": 3}');
INSERT INTO `products` (`id`, `brand`, `category`, `colors_json`, `image`, `material`, `name`, `price`, `sizes_json`, `sku`, `stock_by_size_json`) VALUES (174, 'DenimCo', 'vay', '["Xanh đậm"]', 'https://res.cloudinary.com/dscuuf3lx/image/upload/v1779899603/is207/products/YJD078.jpg', 'Jean', 'Yếm jean dáng dài', 560000, '["S", "M", "L"]', 'YJD078', '{"L": 4, "M": 6, "S": 3}');
INSERT INTO `products` (`id`, `brand`, `category`, `colors_json`, `image`, `material`, `name`, `price`, `sizes_json`, `sku`, `stock_by_size_json`) VALUES (175, 'UrbanX', 'ao', '["Đa sắc"]', 'https://res.cloudinary.com/dscuuf3lx/image/upload/v1779899606/is207/products/ASH079.jpg', 'Rayon', 'Áo so mi họa tiết biển', 340000, '["M", "L", "XL"]', 'ASH079', '{"L": 10, "M": 8, "XL": 5}');
INSERT INTO `products` (`id`, `brand`, `category`, `colors_json`, `image`, `material`, `name`, `price`, `sizes_json`, `sku`, `stock_by_size_json`) VALUES (176, 'SportZ', 'quan', '["Đen"]', 'https://res.cloudinary.com/dscuuf3lx/image/upload/v1779899608/is207/products/QLD080.jpg', 'Thun lạnh', 'Quần legging dùi nữ', 160000, '["S", "M", "L"]', 'QLD080', '{"L": 11, "M": 15, "S": 14}');
INSERT INTO `products` (`id`, `brand`, `category`, `colors_json`, `image`, `material`, `name`, `price`, `sizes_json`, `sku`, `stock_by_size_json`) VALUES (177, 'SportZ', 'ao', '["Xám nhạt"]', 'https://res.cloudinary.com/dscuuf3lx/image/upload/v1779899610/is207/products/AKM081.jpg', 'Dù', 'Áo khoác gió mỏng', 350000, '["M", "L", "XL"]', 'AKM081', '{"L": 9, "M": 11, "XL": 6}');
INSERT INTO `products` (`id`, `brand`, `category`, `colors_json`, `image`, `material`, `name`, `price`, `sizes_json`, `sku`, `stock_by_size_json`) VALUES (178, 'Classic', 'quan', '["Xanh navy"]', 'https://res.cloudinary.com/dscuuf3lx/image/upload/v1779899612/is207/products/QTO082.jpg', 'Tuyết mua', 'Quần tây ống dáng nam', 550000, '["M", "L", "XL"]', 'QTO082', '{"L": 8, "M": 7, "XL": 4}');
INSERT INTO `products` (`id`, `brand`, `category`, `colors_json`, `image`, `material`, `name`, `price`, `sizes_json`, `sku`, `stock_by_size_json`) VALUES (179, 'UrbanX', 'ao', '["Đen"]', 'https://res.cloudinary.com/dscuuf3lx/image/upload/v1779899615/is207/products/ATP083.jpg', 'Cotton', 'Áo thun unisex phản quang', 270000, '["M", "L", "XL"]', 'ATP083', '{"L": 11, "M": 13, "XL": 5}');
INSERT INTO `products` (`id`, `brand`, `category`, `colors_json`, `image`, `material`, `name`, `price`, `sizes_json`, `sku`, `stock_by_size_json`) VALUES (180, 'Femi', 'vay', '["Đen", "Đỏ"]', 'https://res.cloudinary.com/dscuuf3lx/image/upload/v1779899617/is207/products/DBH084.jpg', 'Thun gân', 'Đầm body hai dây', 420000, '["S", "M"]', 'DBH084', '{"M": 7, "S": 8}');
INSERT INTO `products` (`id`, `brand`, `category`, `colors_json`, `image`, `material`, `name`, `price`, `sizes_json`, `sku`, `stock_by_size_json`) VALUES (181, 'Winter', 'ao', '["Xanh rêu"]', 'https://res.cloudinary.com/dscuuf3lx/image/upload/v1779899619/is207/products/ALC085.jpg', 'Wool', 'Áo len cổ tròn', 420000, '["M", "L", "XL"]', 'ALC085', '{"L": 7, "M": 6, "XL": 3}');
INSERT INTO `products` (`id`, `brand`, `category`, `colors_json`, `image`, `material`, `name`, `price`, `sizes_json`, `sku`, `stock_by_size_json`) VALUES (182, 'DenimCo', 'quan', '["Xanh nhạt"]', 'https://res.cloudinary.com/dscuuf3lx/image/upload/v1779899621/is207/products/QBJ086.jpg', 'Jean', 'Quần baggy jean rách', 510000, '["S", "M", "L"]', 'QBJ086', '{"L": 7, "M": 8, "S": 5}');
INSERT INTO `products` (`id`, `brand`, `category`, `colors_json`, `image`, `material`, `name`, `price`, `sizes_json`, `sku`, `stock_by_size_json`) VALUES (183, 'Classic', 'ao', '["Trắng"]', 'https://res.cloudinary.com/dscuuf3lx/image/upload/v1779899623/is207/products/ASC087.jpg', 'Linen', 'Áo so mi cổ chân thuyền', 380000, '["M", "L", "XL"]', 'ASC087', '{"L": 8, "M": 6, "XL": 4}');
INSERT INTO `products` (`id`, `brand`, `category`, `colors_json`, `image`, `material`, `name`, `price`, `sizes_json`, `sku`, `stock_by_size_json`) VALUES (184, 'SportZ', 'quan', '["Xám", "Hồng"]', 'https://res.cloudinary.com/dscuuf3lx/image/upload/v1779899625/is207/products/QST088.jpg', 'Cotton', 'Quần short thun nữ', 180000, '["S", "M", "L"]', 'QST088', '{"L": 8, "M": 10, "S": 12}');
INSERT INTO `products` (`id`, `brand`, `category`, `colors_json`, `image`, `material`, `name`, `price`, `sizes_json`, `sku`, `stock_by_size_json`) VALUES (185, 'Femi', 'ao', '["Kem", "Đen"]', 'https://res.cloudinary.com/dscuuf3lx/image/upload/v1779899627/is207/products/AKT089.jpg', 'Dạ Tweed', 'Áo khoác dạ tweed', 890000, '["S", "M"]', 'AKT089', '{"M": 5, "S": 5}');
INSERT INTO `products` (`id`, `brand`, `category`, `colors_json`, `image`, `material`, `name`, `price`, `sizes_json`, `sku`, `stock_by_size_json`) VALUES (186, 'OfficeX', 'vay', '["Đen"]', 'https://res.cloudinary.com/dscuuf3lx/image/upload/v1779899630/is207/products/CVS090.jpg', 'Tuyết mua', 'Chân váy suông dài', 340000, '["S", "M", "L"]', 'CVS090', '{"L": 5, "M": 9, "S": 7}');
INSERT INTO `products` (`id`, `brand`, `category`, `colors_json`, `image`, `material`, `name`, `price`, `sizes_json`, `sku`, `stock_by_size_json`) VALUES (187, 'Classic', 'ao', '["Xám", "Trắng"]', 'https://res.cloudinary.com/dscuuf3lx/image/upload/v1779899632/is207/products/APP091.jpg', 'Cotton', 'Áo polo phối bo', 290000, '["S", "M", "L", "XL"]', 'APP091', '{"L": 8, "M": 11, "S": 6, "XL": 4}');
INSERT INTO `products` (`id`, `brand`, `category`, `colors_json`, `image`, `material`, `name`, `price`, `sizes_json`, `sku`, `stock_by_size_json`) VALUES (188, 'SportZ', 'quan', '["Đen"]', 'https://res.cloudinary.com/dscuuf3lx/image/upload/v1779899635/is207/products/QJN092.jpg', 'Cotton', 'Quần jogger thun nữ', 310000, '["S", "M", "L"]', 'QJN092', '{"L": 7, "M": 10, "S": 9}');
INSERT INTO `products` (`id`, `brand`, `category`, `colors_json`, `image`, `material`, `name`, `price`, `sizes_json`, `sku`, `stock_by_size_json`) VALUES (189, 'Classic', 'ao', '["Xanh lá"]', 'https://res.cloudinary.com/dscuuf3lx/image/upload/v1779899637/is207/products/ATC093.jpg', 'Cotton', 'Áo thun cá sấu nam', 320000, '["M", "L", "XL"]', 'ATC093', '{"L": 9, "M": 8, "XL": 5}');
INSERT INTO `products` (`id`, `brand`, `category`, `colors_json`, `image`, `material`, `name`, `price`, `sizes_json`, `sku`, `stock_by_size_json`) VALUES (190, 'OfficeX', 'ao', '["Xám đậm"]', 'https://res.cloudinary.com/dscuuf3lx/image/upload/v1779899640/is207/products/BSC094.jpg', 'Tuyết mua', 'Bộ suit công sở nữ', 1450000, '["S", "M", "L"]', 'BSC094', '{"L": 2, "M": 4, "S": 2}');
INSERT INTO `products` (`id`, `brand`, `category`, `colors_json`, `image`, `material`, `name`, `price`, `sizes_json`, `sku`, `stock_by_size_json`) VALUES (191, 'UrbanX', 'ao', '["Xanh loang"]', 'https://res.cloudinary.com/dscuuf3lx/image/upload/v1779899642/is207/products/ASL095.jpg', 'Nỉ', 'Áo sweater loang màu', 460000, '["M", "L", "XL"]', 'ASL095', '{"L": 6, "M": 7, "XL": 4}');
INSERT INTO `products` (`id`, `brand`, `category`, `colors_json`, `image`, `material`, `name`, `price`, `sizes_json`, `sku`, `stock_by_size_json`) VALUES (192, 'DenimCo', 'quan', '["Đen tron"]', 'https://res.cloudinary.com/dscuuf3lx/image/upload/v1779899644/is207/products/QJS096.jpg', 'Jean', 'Quần jean skinny nữ', 470000, '["S", "M", "L"]', 'QJS096', '{"L": 6, "M": 10, "S": 8}');
INSERT INTO `products` (`id`, `brand`, `category`, `colors_json`, `image`, `material`, `name`, `price`, `sizes_json`, `sku`, `stock_by_size_json`) VALUES (193, 'IS207', 'ao', '["H?a tiết lá"]', 'https://res.cloudinary.com/dscuuf3lx/image/upload/v1779899647/is207/products/ASN097.jpg', 'Rayon', 'Áo so mi tay ngắn nam', 330000, '["M", "L", "XL"]', 'ASN097', '{"L": 8, "M": 9, "XL": 5}');
INSERT INTO `products` (`id`, `brand`, `category`, `colors_json`, `image`, `material`, `name`, `price`, `sizes_json`, `sku`, `stock_by_size_json`) VALUES (194, 'Femi', 'vay', '["Trắng"]', 'https://res.cloudinary.com/dscuuf3lx/image/upload/v1779899649/is207/products/VMT098.jpg', 'Voan', 'Váy maxi trễ vai', 590000, '["S", "M", "L"]', 'VMT098', '{"L": 4, "M": 5, "S": 4}');
INSERT INTO `products` (`id`, `brand`, `category`, `colors_json`, `image`, `material`, `name`, `price`, `sizes_json`, `sku`, `stock_by_size_json`) VALUES (195, 'Winter', 'ao', '["Đen"]', 'https://res.cloudinary.com/dscuuf3lx/image/upload/v1779899651/is207/products/AKP099.jpg', 'Phao', 'Áo khoác phao gile nam', 550000, '["M", "L", "XL"]', 'AKP099', '{"L": 8, "M": 6, "XL": 3}');
INSERT INTO `products` (`id`, `brand`, `category`, `colors_json`, `image`, `material`, `name`, `price`, `sizes_json`, `sku`, `stock_by_size_json`) VALUES (196, 'UrbanX', 'quan', '["Xanh rêu"]', 'https://res.cloudinary.com/dscuuf3lx/image/upload/v1779899653/is207/products/QKH100.jpg', 'Kaki', 'Quần kaki túi hộp nam', 460000, '["M", "L", "XL", "XXL"]', 'QKH100', '{"L": 7, "M": 4, "XL": 6, "XXL": 2}');

-- ----------------------------
-- Table structure for `users`
-- ----------------------------
DROP TABLE IF EXISTS `users`;
CREATE TABLE `users` (
  `id` bigint NOT NULL AUTO_INCREMENT,
  `address` varchar(255) DEFAULT NULL,
  `email` varchar(255) DEFAULT NULL,
  `full_name` varchar(255) DEFAULT NULL,
  `password_hash` varchar(255) NOT NULL,
  `phone` varchar(255) DEFAULT NULL,
  `role` enum('ADMIN','CUSTOMER') NOT NULL,
  `username` varchar(255) NOT NULL,
  PRIMARY KEY (`id`),
  UNIQUE KEY `UKr43af9ap4edm43mmtq01oddj6` (`username`)
) ENGINE=InnoDB AUTO_INCREMENT=6 DEFAULT CHARSET=utf8mb4 COLLATE=utf8mb4_0900_ai_ci;

-- Data for `users` (5 dòng)
INSERT INTO `users` (`id`, `address`, `email`, `full_name`, `password_hash`, `phone`, `role`, `username`) VALUES (1, '', 'admin@shop.local', 'Admin', '$2a$10$mmsgn1FXw21lapDYmAwTTOiuuDm2c0vBEs1Wit5UKB5VYe8NXv9ym', '0900000000', 'ADMIN', 'admin');
INSERT INTO `users` (`id`, `address`, `email`, `full_name`, `password_hash`, `phone`, `role`, `username`) VALUES (2, '', '', 'Khách hàng', '$2a$10$TnG/M3DlAgcdgM1PBFXJje/PuX4dxb322MlupaUNnldXLlN512.wm', '0900000000', 'CUSTOMER', '0900000000');
INSERT INTO `users` (`id`, `address`, `email`, `full_name`, `password_hash`, `phone`, `role`, `username`) VALUES (3, 'aaa', '24520377@gm.uit.edu.vn', 'Lê A', '$2a$10$.yBqjMuk99ztBgB8/2XIcO6Obblp8c/zpFGG4QyIJNVyXQuCHm6v6', '0822786883', 'CUSTOMER', 'leduy');
INSERT INTO `users` (`id`, `address`, `email`, `full_name`, `password_hash`, `phone`, `role`, `username`) VALUES (4, 'Bcons', 'ntmu@gmail.com', 'Ngô Minh Ngu', '$2a$10$pyFH50uAt0/IqO2B5O4BfO4akBChwlbRPxIa3UV4gSxebJ/.qIxlu', '0935974659', 'CUSTOMER', 'Minh ngu si');
INSERT INTO `users` (`id`, `address`, `email`, `full_name`, `password_hash`, `phone`, `role`, `username`) VALUES (5, 'aaa', 'ledangbaoduy765@gmail.com', 'Lê B', '$2a$10$/.APxc2uaU8LcpZcsWih7us4qJta8xYNbxKF0TlWaV3J5ctFyPXzy', '0999238929', 'CUSTOMER', 'leduy1');

SET FOREIGN_KEY_CHECKS = 1;
